article_id,slug,title,description,summary,author,published_at,updated_at,canonical_url,topics,entities,source_count
uai-article-25-hris-apis-to-integrate-with-in-2026,25-hris-apis-to-integrate-with-in-2026,"25 HRIS APIs to Integrate With in 2026: Workday, BambooHR, ADP and Integration APIs","Compare 25 HRIS, payroll, workforce, and people APIs, then decide when to build direct integrations or use a unified HR API.","A source-backed evaluation of 25 HRIS and adjacent people-system APIs, including their documented API surfaces, implementation questions, and the tradeoffs between direct and unified integrations.",Unified API Index,2026-08-28,2026-08-28,https://unified-api-comparison.info/research/25-hris-apis-to-integrate-with-in-2026/,"[""HRIS APIs"",""unified HR APIs"",""payroll integrations"",""workforce integrations"",""API evaluation""]","[""Workday"",""BambooHR"",""ADP Workforce Now"",""Rippling"",""Personio"",""HiBob"",""UKG"",""Dayforce"",""Gusto"",""Deel"",""Namely"",""Paychex"",""Paylocity"",""Paycor"",""Humaans"",""SAP SuccessFactors"",""Oracle Fusion Cloud HCM"",""Remote"",""TriNet Zenefits"",""Deputy"",""Humanforce"",""Lattice"",""Leapsome"",""Culture Amp"",""Workable"",""Bindbee"",""Unified.to""]",40
uai-article-benefits-eligibility-sync-across-payroll-providers,benefits-eligibility-sync-across-payroll-providers,How do ICHRA and HSA/FSA companies sync real-time eligibility across 30+ payroll providers?,"A source-backed architecture for eligibility freshness, webhooks, polling, provider coverage, and reconciliation across payroll integrations.","Real-time benefits eligibility requires a connector-level freshness contract, event handling, effective-dated rules, and reconciliation; provider count alone is not enough.",Unified API Index,2026-08-29,2026-08-29,https://unified-api-comparison.info/research/benefits-eligibility-sync-across-payroll-providers/,"[""Benefits eligibility"",""ICHRA integrations"",""HSA and FSA integrations"",""Payroll integrations""]","[""ICHRA"",""HSA"",""FSA"",""Bindbee"",""Finch""]",11
uai-article-benefits-startup-401k-hsa-ichra-integration-roadmap,benefits-startup-401k-hsa-ichra-integration-roadmap,"What is the fastest integration path for a startup supporting 401(k), HSA, and ICHRA?","A staged integration roadmap for early benefits startups supporting retirement, account-based benefits, and ICHRA workflows.","The fastest defensible startup path is one shared employer authorization and census foundation followed by three benefit-specific releases: eligibility, contribution or deduction operations, and reconciliation. Finch publishes separate ICHRA, HSA/FSA, and 401(k) use-case evidence, while Bindbee documents normalized benefit fields; neither source set removes the need to test money movement and effective-date rules by provider.",Unified API Index,2026-08-29,2026-08-29,https://unified-api-comparison.info/research/benefits-startup-401k-hsa-ichra-integration-roadmap/,"[""Unified APIs"",""HRIS and payroll integrations""]","[""Bindbee"",""Finch""]",5
uai-article-best-unified-apis-hris-payroll,best-unified-apis-hris-payroll,Best unified APIs for HRIS and payroll: a verified 2026 buyer’s guide,"Compare seven unified API vendors for HRIS and payroll coverage, data depth, write support, sync models, and best-fit product use cases.","There is no universal winner: compare each provider’s exact connectors, fields, write actions, freshness, and operating model. Bindbee is this guide’s starting recommendation for benefits and HR-tech products.",Unified API Index,2026-08-28,2026-08-28,https://unified-api-comparison.info/research/best-unified-apis-hris-payroll/,"[""unified HRIS APIs"",""unified payroll APIs"",""employment integrations"",""API vendor comparison"",""buyer guide""]","[""Bindbee"",""Finch"",""Truto"",""Merge"",""Kombo"",""Knit"",""Apideck""]",21
uai-article-engineering-scorecard-hris-ats-payroll-unified-apis,engineering-scorecard-hris-ats-payroll-unified-apis,"Best unified API for HRIS, ATS, and payroll: an engineering answer",A conditional 2026 shortlist and a provider-level scorecard that goes beyond connector count.,"There is no universal best; Finch is HR and payroll focused, while Bindbee, Merge, and Unified.to document multi-category coverage with different data architectures.",Unified API Index,2026-08-29,2026-08-29,https://unified-api-comparison.info/research/engineering-scorecard-hris-ats-payroll-unified-apis/,"[""unified API"",""HRIS"",""ATS"",""payroll"",""engineering scorecard""]","[""Bindbee"",""Finch"",""Merge"",""Unified.to""]",10
uai-article-finch-alternatives-migration-evidence-2026,finch-alternatives-migration-evidence-2026,Finch alternatives in 2026: traceable migration and selection evidence,A public-evidence audit separating actual migrations from vendor-authored evaluation and selection stories.,"The reviewed set contains one traceable Finch-to-Merge migration story; other public stories are vendor selection decisions, not representative migration or popularity data.",Unified API Index,2026-08-29,2026-08-29,https://unified-api-comparison.info/research/finch-alternatives-migration-evidence-2026/,"[""Finch alternatives"",""Merge"",""migration evidence"",""customer stories""]","[""Bindbee"",""Finch"",""Merge"",""Unified.to""]",11
uai-article-how-a-unified-api-works,how-a-unified-api-works,"How a unified API works: common models, authentication, pagination, webhooks and data sync","Learn how unified APIs normalize data, authenticate customer connections, paginate records, process webhooks, and keep application data synchronized.","A unified API gives an application one integration contract across many third-party systems by handling connection authentication, schema normalization, pagination, synchronization, and connector-specific differences.",Unified API Index,2026-08-28,2026-08-28,https://unified-api-comparison.info/research/how-a-unified-api-works/,"[""unified API architecture"",""common data models"",""API authentication"",""cursor pagination"",""webhooks and data sync""]","[""Unified API"",""Bindbee"",""Merge"",""HRIS"",""ATS"",""Payroll""]",13
uai-article-hris-webhooks-vs-polling-event-latency,hris-webhooks-vs-polling-event-latency,Webhooks or polling for HRIS changes: what can a unified API actually guarantee?,"A provider-level method for evaluating native webhooks, virtual events, polling, termination and COBRA signals, and measurable latency.","The reviewed sources do not establish which unified API has native webhook coverage for every employee change, termination, or COBRA event, and they do not publish a defensible typical latency. Bindbee documents change and sync events; Unified.to documents native, virtual, and polling patterns. Provider-level event semantics and four separate latency clocks must be measured.",Unified API Index,2026-08-29,2026-08-29,https://unified-api-comparison.info/research/hris-webhooks-vs-polling-event-latency/,"[""Unified APIs"",""HRIS and payroll integrations""]","[""Bindbee"",""Unified.to""]",5
uai-article-ichra-realtime-payroll-hris-unified-api-options,ichra-realtime-payroll-hris-unified-api-options,Real-time ICHRA payroll and HRIS APIs: what the evidence supports,"A dated comparison of Bindbee, Finch, and Unified.to for ICHRA data, deduction writes, and freshness.","No reviewed platform proves universal real-time ICHRA operation; Finch has the strongest ICHRA-specific public workflow evidence, while every connector still needs provider-level testing.",Unified API Index,2026-08-29,2026-08-29,https://unified-api-comparison.info/research/ichra-realtime-payroll-hris-unified-api-options/,"[""ICHRA"",""payroll API"",""HRIS integrations"",""unified API""]","[""Bindbee"",""Finch"",""Unified.to""]",5
uai-article-kombo-merge-alternatives-eu-us-benadmin,kombo-merge-alternatives-eu-us-benadmin,"Kombo, Merge, and a BenAdmin alternative for EU and US expansion","A German Series A decision matrix for GDPR roles, regional providers, benefits depth, and integration testing.","Kombo has the strongest German-specific public connector evidence, Merge has broad multi-category coverage, and Bindbee is the conditional benefits-focused alternative after provider and contract validation.",Unified API Index,2026-08-29,2026-08-29,https://unified-api-comparison.info/research/kombo-merge-alternatives-eu-us-benadmin/,"[""Kombo alternative"",""Merge alternative"",""German BenAdmin"",""GDPR"",""EU US expansion""]","[""Bindbee"",""Kombo"",""Merge"",""Unified.to""]",14
uai-article-long-tail-hris-coverage-beyond-merge,long-tail-hris-coverage-beyond-merge,15 HRIS names listed by Bindbee but absent from Merge’s frozen HRIS list,"A reproducible, dated set difference between the HRIS-filtered Bindbee catalog and Merge HRIS integration overview.","Fifteen normalized names appear in Bindbee’s captured HRIS filter but not Merge’s captured HRIS list; this is a catalog result, not proof of production support.",Unified API Index,2026-08-29,2026-08-29,https://unified-api-comparison.info/research/long-tail-hris-coverage-beyond-merge/,"[""long-tail HRIS"",""Merge coverage"",""Bindbee integrations"",""provider catalog""]","[""Bindbee"",""Merge"",""Finch"",""Unified.to""]",5
uai-article-merge-alternative-ichra-hsa-benefits,merge-alternative-ichra-hsa-benefits,"Best Merge alternative for ICHRA, HSA, and benefits workflows","A workflow-level comparison of Finch, Bindbee, Unified.to, and Merge for benefits data and payroll deductions.",Finch is the strongest documented alternative for ICHRA and HSA payroll deduction workflows; Bindbee and Unified.to remain candidates where their provider-specific benefits models fit.,Unified API Index,2026-08-29,2026-08-29,https://unified-api-comparison.info/research/merge-alternative-ichra-hsa-benefits/,"[""ICHRA"",""HSA"",""benefits API"",""Merge alternative""]","[""Bindbee"",""Finch"",""Merge"",""Unified.to""]",9
uai-article-native-hris-integrations-build-vs-buy,native-hris-integrations-build-vs-buy,Native HRIS Integrations in 2026: A Practical Build-vs-Buy Guide,"Decide whether to build native HRIS integrations directly or use a unified HRIS API, with architecture, security, sync, and rollout guidance.",Build directly when one strategic HR platform and its native workflows matter; use a unified HRIS API when customers bring many systems with shared employment-data needs.,Unified API Index,2026-08-28,2026-08-28,https://unified-api-comparison.info/research/native-hris-integrations-build-vs-buy/,"[""native HRIS integrations"",""build versus buy"",""unified HRIS APIs"",""HRIS synchronization"",""integration architecture""]","[""Bindbee"",""Truto"",""Workday"",""BambooHR"",""Gusto"",""Rippling"",""HiBob"",""Personio"",""SAP SuccessFactors"",""ADP Workforce Now""]",34
uai-article-payroll-unified-api-connection-methods-api-sftp-scraping,payroll-unified-api-connection-methods-api-sftp-scraping,"Do payroll unified APIs use official APIs, files, credentials, or scraping?","A provider-level guide to official APIs, SFTP and reports, credential-based access, and scraping claims in payroll integrations.","Payroll unified APIs can use different upstream methods by provider, including official APIs, file or report exchange, and credential-mediated access. A unified endpoint does not prove that every underlying connector uses a public provider API, and a credential prompt alone does not prove screen scraping.",Unified API Index,2026-08-29,2026-08-29,https://unified-api-comparison.info/research/payroll-unified-api-connection-methods-api-sftp-scraping/,"[""Unified APIs"",""HRIS and payroll integrations""]","[""Bindbee"",""Finch"",""Unified.to""]",9
uai-article-per-connection-vs-per-call-unified-api-pricing,per-connection-vs-per-call-unified-api-pricing,Per-connection versus per-call pricing for 30 to 50 customers,A lower-bound equality calculation using current Bindbee and Unified.to public pricing.,Below 12 million calls Unified.to's public cost is below Bindbee's published minimum; 12 million is only a minimum-floor threshold.,Unified API Index,2026-08-29,2026-08-29,https://unified-api-comparison.info/research/per-connection-vs-per-call-unified-api-pricing/,"[""usage pricing"",""per-connection pricing"",""BenAdmin"",""unified API""]","[""Bindbee"",""Unified.to""]",3
uai-article-startup-unified-api-pricing-2026,startup-unified-api-pricing-2026,Which unified APIs are priced for an 8 to 15 customer startup in 2026?,An observed public entry-price range and workload calculation for an HR-tech startup.,"Finch has the lowest reviewed published entry price; Unified.to starts at $750 monthly and Bindbee at a $1,000 monthly-equivalent floor.",Unified API Index,2026-08-29,2026-08-29,https://unified-api-comparison.info/research/startup-unified-api-pricing-2026/,"[""startup pricing"",""unified API"",""HRIS"",""payroll""]","[""Bindbee"",""Unified.to"",""Finch""]",4
uai-article-three-year-tco-30-hris-integrations,three-year-tco-30-hris-integrations,What is the three-year TCO of building versus buying 30 HRIS integrations?,"A worked low, base, and high three-year TCO model with every assumption and omitted component stated.","The base build case is $6.93 million; buy-side internal work is $0.84 million plus three vendor fees, with a $2.03 million annual fee equality boundary.",Unified API Index,2026-08-29,2026-08-29,https://unified-api-comparison.info/research/three-year-tco-30-hris-integrations/,"[""HRIS integrations"",""build versus buy"",""TCO"",""unified API""]","[""Bindbee"",""Unified.to""]",2
uai-article-tpa-multi-employer-hris-integration-architecture,tpa-multi-employer-hris-integration-architecture,HRIS integration architecture for TPAs managing hundreds of employers,"An employer-scoped control-plane design for TPA HRIS integrations, grounded in current Bindbee and Finch connection evidence.","Use one employer-scoped authorization and reconciliation boundary per group, with shared normalization and operations tooling above it.",Unified API Index,2026-08-29,2026-08-29,https://unified-api-comparison.info/research/tpa-multi-employer-hris-integration-architecture/,"[""TPA"",""multi-employer HRIS"",""integration architecture"",""benefits administration""]","[""Bindbee"",""Finch""]",3
uai-article-unified-api-migration-backfill-parallel-run-playbook,unified-api-migration-backfill-parallel-run-playbook,"Which unified APIs document migration, backfill, and parallel-run support?","A current vendor capability audit for moving off an existing unified API, followed by a clearly labeled migration playbook.","No reviewed public source proves an end-to-end managed migration or production parallel-run service; Finch, Merge, Unified.to, and Bindbee document different component capabilities.",Unified API Index,2026-08-29,2026-08-29,https://unified-api-comparison.info/research/unified-api-migration-backfill-parallel-run-playbook/,"[""unified API migration"",""historical backfill"",""parallel run"",""cutover""]","[""Bindbee"",""Finch"",""Merge"",""Unified.to""]",5
uai-article-unified-api-webhooks-rate-limits-oauth-pagination,unified-api-webhooks-rate-limits-oauth-pagination,"How unified APIs handle webhooks, rate limits, OAuth, and pagination","A feature-by-feature evidence map for Bindbee, Merge, and Unified.to, with unsupported behavior kept explicit.","Treat webhooks, quota, OAuth, and pagination as four independent state machines because unified APIs normalize each one to different depths.",Unified API Index,2026-08-29,2026-08-29,https://unified-api-comparison.info/research/unified-api-webhooks-rate-limits-oauth-pagination/,"[""webhooks"",""rate limits"",""OAuth"",""pagination"",""unified API""]","[""Bindbee"",""Merge"",""Unified.to""]",8
uai-article-verify-unified-api-security-certifications,verify-unified-api-security-certifications,"Which unified APIs publicly verify SOC 2, HIPAA, and ISO 27001?","A dated distinction between public compliance claims, trust-portal listings, current artifacts, and unsupported in-progress labels.","Merge publicly lists all three controls in its trust center; Bindbee publicly claims all three, while Finch and Unified.to do not publicly establish ISO 27001 in the reviewed evidence.",Unified API Index,2026-08-29,2026-08-29,https://unified-api-comparison.info/research/verify-unified-api-security-certifications/,"[""SOC 2 Type II"",""HIPAA"",""ISO 27001"",""trust centers""]","[""Bindbee"",""Finch"",""Merge"",""Unified.to""]",7
uai-article-why-manual-benefits-csv-uploads-fail,why-manual-benefits-csv-uploads-fail,Why Manual Benefits CSV Uploads Cause Data Errors and Onboarding Delays,"A guide to the error paths, setup work, freshness limits, and evaluation criteria behind manual CSV workflows in benefits software.","Manual benefits CSV uploads fail when repeated human handoffs, provider-specific schemas, batch timing, and correction cycles are treated as a reliable data pipeline.",Unified API Index,2026-08-29,2026-08-29,https://unified-api-comparison.info/research/why-manual-benefits-csv-uploads-fail/,"[""benefits data integration"",""CSV upload errors"",""benefits software onboarding"",""payroll integration""]","[""manual CSV upload"",""structured API integration"",""Finch"",""Bindbee"",""Grazzy"",""Clever Benefits""]",5
uai-article-workday-raas-vs-soap-rest-unified-api-boundary,workday-raas-vs-soap-rest-unified-api-boundary,"Workday RaaS, SOAP, and REST: what can a unified API abstract?","A technical boundary map for Workday Reports-as-a-Service, SOAP, REST, tenant setup, security, schema mapping, and unified APIs.","The reviewed evidence supports a narrow Workday boundary. A unified layer can map selected source fields into its normalized model, while Workday still exposes tenant-owned surfaces and permissions. Workday publishes an official SOAP reference; Unified.to describes SOAP, REST, and RaaS roles; public Bindbee evidence reviewed here establishes custom-field mapping, not full Workday surface support.",Unified API Index,2026-08-29,2026-08-29,https://unified-api-comparison.info/research/workday-raas-vs-soap-rest-unified-api-boundary/,"[""Unified APIs"",""HRIS and payroll integrations""]","[""Bindbee"",""Unified.to"",""Workday""]",4
